{"IcoMoonType":"selection","icons":[{"icon":{"paths":["M1024 608l-192-192v-288h-128v160l-192-192-512 512v32h128v320h320v-192h128v192h320v-320h128z"],"tags":["home","house"],"defaultCode":59650,"grid":16,"attrs":[]},"attrs":[],"properties":{"ligatures":"home3, house3","name":"home3","order":3,"id":3,"prevSize":32,"code":59650},"setIdx":0,"setId":1,"iconIdx":2},{"icon":{"paths":["M0 1024h512v-1024h-512v1024zM320 128h128v128h-128v-128zM320 384h128v128h-128v-128zM320 640h128v128h-128v-128zM64 128h128v128h-128v-128zM64 384h128v128h-128v-128zM64 640h128v128h-128v-128zM576 320h448v64h-448zM576 1024h128v-256h192v256h128v-576h-448z"],"tags":["office","buildings","work"],"defaultCode":59651,"grid":16,"attrs":[]},"attrs":[],"properties":{"ligatures":"office, buildings","name":"office","order":4,"id":4,"prevSize":32,"code":59651},"setIdx":0,"setId":1,"iconIdx":3}],"height":1024,"metadata":{"name":"icomoon"},"preferences":{"showGlyphs":true,"showQuickUse":true,"showQuickUse2":true,"showSVGs":true,"fontPref":{"prefix":"icon-","metadata":{"fontFamily":"icomoon"},"metrics":{"emSize":1024,"baseline":6.25,"whitespace":50},"embed":false},"imagePref":{"prefix":"icon-","png":true,"useClassSelector":true,"color":0,"bgColor":16777215,"classSelector":".icon"},"historySize":50,"showCodes":true,"gridSize":16}}